video_id,video_url
vid001,https://www.youtube.com/live/4pklWZ58lQ4?si=MxMW5QVCxDx5GqVo
vid002,https://www.youtube.com/live/RBCVrZl7-4c?si=20EuVgAKxHNHmQbh
vid003,https://www.youtube.com/live/wyp3szi1Tzs?si=O3FVM5acn2NoYL0Z
vid004,https://www.youtube.com/live/zFkq2lDaVck?si=MOdRx4G4fgxoYeAY
vid005,https://www.youtube.com/live/vqw7VekImog?si=qWiMvfFq_XAA3eJp
vid006,https://www.youtube.com/live/W1Z3niPY2rA?si=9lHI1XCMNAnmxhDL
vid007,https://www.youtube.com/live/DPJgICEbFeM?si=a2Ndm2jjkWcJoRFS
vid008,https://www.youtube.com/live/IMotbp2g29U?si=Du9d85Uis5Sy7geS
vid009,https://www.youtube.com/live/sD2EFaka6gQ?si=7LJ1ZTGC9nBKXWcJ
vid010,https://www.youtube.com/live/lPydwGz3vnA?si=7iy1yiJj0jlwxJcx
vid011,https://www.youtube.com/live/44Fl6BSruSc?si=8MpYbGjun-fi3pP1
vid012,https://www.youtube.com/live/07loCundh7Q?si=lKM7fuf7yVNz3K7z
vid013,https://www.youtube.com/live/32Ni4IAmvBQ?si=MmNkfT3qe2TNuhN0
vid014,https://www.youtube.com/live/hxMtv2UpPgA?si=m9GowC6XqqQkyjyj
vid015,https://www.youtube.com/live/PC_vUzb3wcU?si=griJ-LoJ-Szrv7N6
vid016,https://www.youtube.com/live/r6lp4eynpak?si=E8wCIBnKHH9_qhuH
vid017,https://www.youtube.com/live/F6hO3Zo8VWE?si=cr1OF6_jupeLdJzp
vid018,https://www.youtube.com/live/CY08YLX5plg?si=j7wr-cPP0Xw5lbmN
vid019,https://www.youtube.com/live/cFlYql9FYp0?si=R_p9sDihzvC5HAyU
vid020,https://www.youtube.com/live/eal5-kZqoyU?si=nfpT2ZeZujQGjcef
vid021,https://www.youtube.com/live/xNnybCycerg?si=EG6oVQVKAtIpkCLu
vid022,https://www.youtube.com/live/7P5cJakH21Y?si=BkqU6IJmWOuBv9u1
vid023,https://www.youtube.com/live/tFUXc_jJvYk?si=KUnX_x1Mp-nUPoqL
vid024,https://www.youtube.com/live/fYq6-iRbFFE?si=7Hm8D2yO-Iih5X2u
vid025,https://www.youtube.com/live/NwQzTk5aczs?si=hC-0Ju001Jwecd-7
vid026,https://www.youtube.com/live/WL1kz7YthH8?si=8ef5B0ajQpc6kp3h
vid027,https://www.youtube.com/live/Y3JUCwnhPjs?si=yIO0OGib45UR1GXU
vid028,https://www.youtube.com/live/6Yrcqe_FcGA?si=fTY2LEeiVpcPpnp7
vid029,https://www.youtube.com/live/V8S85eTZW-g?si=GBfY8y3Q4HE3YbcU
vid030,https://www.youtube.com/live/3zO8P199BOQ?si=1QPdEQFA5VFUXPqH
vid031,https://www.youtube.com/live/yBXh_Loj9pI?si=Gky3VvGRtqGxxlgr
vid032,https://www.youtube.com/live/d8OoSoOyLHw?si=omMeIHykhgdWQY7S
vid033,https://www.youtube.com/live/v4AcaRUdwDI?si=-KwRF3DadcxRAjpx
vid034,https://www.youtube.com/live/0EzK7XEGzeQ?si=DH8BYZuIqCR_GLW6
vid035,https://www.youtube.com/live/XILFt9jPPHw?si=-wFN9LPNVdkHQmo9
vid036,https://www.youtube.com/live/S2_gAE6bO30?si=Ym5haWfdJfh3nTNt
vid037,https://www.youtube.com/live/TMwUaxDr8wI?si=74xomdqw01lK7uWh
vid038,https://www.youtube.com/live/NCyAdJgC7LQ?si=TbGzpI9WiWSavNr8
vid039,https://www.youtube.com/live/OYKysKXDU88?si=5SQdbfzlgD8VGAEO
vid040,https://www.youtube.com/live/VbUPYRS1_hc?si=qTOy2x1OLZS3jH-Q
vid041,https://www.youtube.com/live/hRH2ggE50kU?si=CfsPqx6euNq72Z6d
vid042,https://www.youtube.com/live/GOa-90izuO0?si=nlsWOgwDfr-bdtsN
vid043,https://www.youtube.com/live/mUo0j5VCnTM?si=QoVzUbtIi-GwY3Cj
vid044,https://www.youtube.com/live/Wrumkdv_AEU?si=8yJzkDbc6kYDSnW6
vid045,https://www.youtube.com/live/AUSaW34aavY?si=Jh_YEDNT1-Di8ZXZ
vid046,https://www.youtube.com/live/ura9d9e3P8I?si=l4YgRjN71ZSp8Sc1
vid047,https://www.youtube.com/live/i6BNaQ--lLE?si=RXWBX9siIjHMNuOm
vid048,https://www.youtube.com/live/qeZ2WubIFaY?si=kB3KQS9gVS9VtL1G
vid049,https://www.youtube.com/live/IoipvMpdCu4?si=bFhzdYzwRA-a9xFX
vid050,https://www.youtube.com/live/6sWL8mEVeGo?si=tzjcFIm6jnLRrhBE
vid051,https://www.youtube.com/live/11jhvAiVsCM?si=-IMheIBYROwsBp6q
vid052,https://www.youtube.com/live/7VMDQ-Z4Vnw?si=shkuhAh_Cx8B_q1t
vid053,https://www.youtube.com/live/7ABQ98AeHsc?si=d0RRtaDJUqbSDi_m
vid054,https://www.youtube.com/live/pf-TXMWwK54?si=eKHkQ7fmlNzRw-bx
vid055,https://www.youtube.com/live/3dLcPYAx6z0?si=S8zlGS4NBuC1NfoC
vid056,https://www.youtube.com/live/OwRQGPuQD_Y?si=MNjngBFH22pQMSTi
vid057,https://www.youtube.com/live/9JakVwQkFgY?si=-bTZPi4o8ALTahuF
vid058,https://www.youtube.com/live/ev0zEJzr7NI?si=wO5wBVJwWPQEEgn0
vid059,https://www.youtube.com/live/9ozu4KY1zXg?si=lek44-VXNJEQ10ps
vid060,https://www.youtube.com/live/Afn3-Tg9228?si=aokO17n39LdRtFSS
vid061,https://www.youtube.com/live/ASf7BvR_CTg?si=Mi8pssqha02CEvVy
vid062,https://www.youtube.com/live/CH7tVh2iR2Q?si=xSXqmjqnGwyslOZ2
vid063,https://www.youtube.com/live/mLGkxVyxuu4?si=4PPJRbV6wH3jeAII
vid064,https://www.youtube.com/live/ee4oiqq5Y1U?si=xnotOZ4ZI1sqjCZd
vid065,https://www.youtube.com/live/B6VLbxAV35g?si=NIyD11TIzLajvKA1
vid066,https://www.youtube.com/live/Bn2OFIBhT2s?si=x8hSfEaimrqbHo3h
vid067,https://www.youtube.com/live/1Jtye-AEM9c?si=vWaxL3y6DOSdVRBt
vid068,https://www.youtube.com/live/S2GkfPi6pI8?si=6gZ-VM3P7Pf4Q2zT
vid069,https://www.youtube.com/live/zxVkniGZeFQ?si=rUjCeM2A3oJlNMlL
vid070,https://www.youtube.com/live/vuIjVqUe_Zk?si=85KXejfFLqqpwZ_M
vid071,https://www.youtube.com/live/IQK8HGJmSG4?si=ir52eaaWgOOWWqnX
vid072,https://www.youtube.com/live/BZ7_uwbzwVE?si=G5inKmtn59Xus4h4
vid073,https://www.youtube.com/live/sAoryztPGeE?si=4pRRkPhDMbLTEw6O
vid074,https://www.youtube.com/live/d1oqmJcYKRM?si=AE9pSFMctpjrJeJF
vid075,https://www.youtube.com/live/AG4RzrpfH48?si=p3UtrnOihmNva5L2
vid076,https://www.youtube.com/live/csos4PPqK4A?si=Pwc88u0-UmzY_nvz
vid077,https://www.youtube.com/live/2gM6LyawUJ8?si=f86EqmYXU-hDpmKQ
vid078,https://www.youtube.com/live/nrPfCpKeops?si=vOD-Xgh34pJCCs-u
vid079,https://www.youtube.com/live/fhg9NMS3Szk?si=9Xr50qxPzKWAkh7Iu
vid080,https://www.youtube.com/live/71LHXR48u9E?si=qaAdG-uRQ55wjR0_
vid081,https://www.youtube.com/live/b4AE7eey7xE?si=cNePBN8I8Mt_P3qf
vid082,https://www.youtube.com/live/19TfctpDLrk?si=dFOam8fWC28JMmkX
vid083,https://www.youtube.com/live/NcT2oxrp-do?si=YBqLJojsD6fPZf6x
vid084,https://www.youtube.com/live/sMNbzX9VcqM?si=dOvioU7h0mypxzMi
vid085,https://www.youtube.com/live/Pg083FFfYb0?si=svkAhWE_sPrz_PYr
vid086,https://www.youtube.com/live/dxovZ8R2_D0?si=SxeBeWb2fnonRStV
vid087,https://www.youtube.com/live/M7GGQX99Mvk?si=7ophi2n4LKag_iW0
vid088,https://www.youtube.com/live/w-Mb9LMsftY?si=JtGTnNFuJLnUQ9ag
vid089,https://www.youtube.com/live/dbAZTDLqIjM?si=IkXdImRs07ATNfF_
vid090,https://www.youtube.com/live/HovyWsvc-ik?si=5x7C5v1GMwMPzgRI
vid091,https://www.youtube.com/live/saUFMw7Sljc?si=iSNU54LxkIlGAofN
vid092,https://www.youtube.com/live/tXlT2tdDo7s?si=nxab-jMkbPud-joa
vid093,https://www.youtube.com/live/W272JABe2Lk?si=42cmT6xe0wg9gprQ
vid094,https://www.youtube.com/live/mAkwlD--j4A?si=nYh0raG_C1wcqNRk
vid095,https://www.youtube.com/live/zedb9WAYwnA?si=6erz08k25KjCr7SS
vid096,https://www.youtube.com/live/Wsv55jvwYYg?si=jpDLJbbUZVRQg4Ak
vid097,https://www.youtube.com/live/DWwj24Dp-Bw?si=DikUmU-eX80uw1r4
vid098,https://www.youtube.com/live/67eWNLiHqlc?si=5b42GxXSXdg6hp6F
vid099,https://www.youtube.com/live/I7OVTR8fC_M?si=kMbF7AVIvqTiFcV_
vid100,https://www.youtube.com/live/aPoY6dUsIKY?si=ED28AFggPaL-WufF
vid101,https://www.youtube.com/live/QpZsFfgWcUc?si=ph75jzlOHgve9HLB
vid102,https://www.youtube.com/live/YmZcMSzzyko?si=Gygbw0kblDVPXENF
vid103,https://www.youtube.com/live/bZON_5GYZpY?si=7nbY7TFW1LrBHFuz
vid104,https://www.youtube.com/live/1u98zOn072M?si=jw2Ho2N1ne2SAA-R
vid105,https://www.youtube.com/live/9MwMZP_fPsg?si=TnwFE5LuaCHcr4Zt
vid106,https://www.youtube.com/live/FX0cM6fyuxc?si=QbAelAChgNLbdamy
vid107,https://www.youtube.com/live/FxyOE8jntEI?si=9dYhweUw3KYzfGWn
vid108,https://www.youtube.com/live/9Eg5lysQb2M?si=RRDE_-JWm8RP7Y6h
vid109,https://www.youtube.com/live/_nAX31PVgSk?si=-UutzCW3LUSRIraO
vid110,https://www.youtube.com/live/3V-JIhM-KJA?si=d0XH2jyqO0b_VUb5
vid111,https://www.youtube.com/live/wXNo1YNcxP4?si=ucOMJv_f9iLsEfcT
vid112,https://www.youtube.com/live/uDJS9et_Vow?si=WayMWLlK5MkKs0DS
vid113,https://www.youtube.com/live/fgq1fVS9nHo?si=Lxin92HQlpKeWUsF
vid114,https://www.youtube.com/live/evBokJKKlxY?si=KdSyRHLN-rVQd_KI
vid115,https://www.youtube.com/live/TdQz9S15-kc?si=JvvBINiXzeUa1ZuC
vid116,https://www.youtube.com/live/SqFUkr_vOa4?si=tfTTWzLMuTIpPL2F
vid117,https://www.youtube.com/live/SBEJ-mR1FrA?si=fWOyyps1yenY6N5z
vid118,https://www.youtube.com/live/KCuzuQCEtsU?si=sah3b95U3ZM6Zc1Q
vid119,https://www.youtube.com/live/qoNi5LtWKsE?si=dPFGwKPYHsV8Z89D
vid120,https://www.youtube.com/live/vuhjiIqjvHE?si=n4r5b8zhOUVUCodF
vid121,https://www.youtube.com/live/nBt1cPx38gY?si=4U6G7yE8YwsrWeuy
vid122,https://www.youtube.com/live/2bVBXXDQaE0?si=F7utxbB5oRHAggFx
vid123,https://www.youtube.com/live/THPaACRZOk0?si=2UO3VbVJy7pXSJJa
vid124,https://www.youtube.com/live/XziPZDWX0ZY?si=HNlug3gyhYqhkAw5
vid125,https://www.youtube.com/live/VVZ9UpEJb8c?si=xl27hO2eqrtug62F
vid126,https://www.youtube.com/live/OO7yiYG-O9M?si=nyzDN589AgaH1k8q
vid127,https://www.youtube.com/live/NPt5ucPJl0c?si=nKjZ-G496AVxIyUD
vid128,https://www.youtube.com/live/80fRWiYYL48?si=rcXy_steh3QLDHtS
vid129,https://www.youtube.com/live/RroEmsZe2jU?si=57NTTrbIJavoRBo1
vid130,https://www.youtube.com/live/Ynr3cbkkAsI?si=BZzLadNwVMvfERgl
vid131,https://www.youtube.com/live/1G3ap1YY2gA?si=WShH0RT1nV7gecID
vid132,https://www.youtube.com/live/FMEh8_Riy_A?si=ZDwwm7dxl85MWCnT
vid133,https://www.youtube.com/live/FTa_Xvz9MaM?si=GFwBkHWg1HVC8a8Z
vid134,https://www.youtube.com/live/X8NRTbrqXek?si=SsCxRcV4qnLs0lGP
vid135,https://www.youtube.com/live/Q397-HBbqMA?si=ZX1C0orL9-JVaCa0
vid136,https://www.youtube.com/live/jHrg-0wBfak?si=LkxMvCfcLIPXpDoe
vid137,https://www.youtube.com/live/0ALqZ6BBswI?si=i2Aq9AwF4B6AS5LP
vid138,https://www.youtube.com/live/DWsXUUXio00?si=I8XULj4spgVKutOy
vid139,https://www.youtube.com/live/B1l2iVHmxzo?si=HAyAR_K77gPf9Ffo
vid140,https://www.youtube.com/live/cDB3CFug_pE?si=_XnDjWYtmwomZWBq
vid141,https://www.youtube.com/live/tutrj9YRegE?si=JBWHUSdHfCIaMnf3
vid142,https://www.youtube.com/live/1eGCeybAzwM?si=OGO38kNGGQ4lVT6w
vid143,https://www.youtube.com/live/wCNYUSmS5uI?si=rObHtfqioQ_9gd7X
vid144,https://www.youtube.com/live/627F01tCnCo?si=xKWBUsTwGdTph3w1
vid145,https://www.youtube.com/live/Bwqg2eTSC3s?si=mw6DmfRcg3P2p3CW
vid146,https://www.youtube.com/live/3yLf2Pj6kA4?si=zJQ5m5pu29jpvseW
vid147,https://www.youtube.com/live/DEfzlrogNAM?si=hx5J7zCgEV3hXoUm
vid148,https://www.youtube.com/live/pF709cntzYQ?si=9V1SZNc1kXKqZP8q
vid149,https://www.youtube.com/live/xgBPGePNAMo?si=0E0I155BEtxl7gIv
vid150,https://www.youtube.com/live/kJ0J7SUjeFM?si=bzE1iJzeViGeZ6S9
vid151,https://www.youtube.com/live/pDxT_nZZ3Ps?si=Y-N4RbmY1I2zJCOM
vid152,https://www.youtube.com/live/2VIUI5lD-UM?si=dECbQbd3lhsEpGb3
vid153,https://www.youtube.com/live/hj56AN8op5k?si=ffTdnht9ol--1gX_
vid154,https://www.youtube.com/live/XVh534lXpxA?si=44fXnVfmf3Y1aBAY
vid155,https://www.youtube.com/live/NDc0TeSjgNo?si=6QWxRJ4vLpej7AIX
vid157,https://www.youtube.com/live/M_goFcsMVXk?si=x53v4YDMlQXq9zgU
vid158,https://www.youtube.com/live/9eZkMiSg-_I?si=PWHM8flH2R4_EjcO
vid159,https://www.youtube.com/live/xRoug51vx_g?si=swMRIp2JZTw5Ksbp
vid160,https://www.youtube.com/live/GbYusujtMlc?si=W6sbKbgCc8LTiqRe
vid161,https://www.youtube.com/live/4vh7w2xmXaM?si=iL3PjYu8i5asDTzi
vid162,https://www.youtube.com/live/mp_TQaH5i70?si=DxU89HCkKqjqpXm5
vid163,https://www.youtube.com/live/sOnr33Z3szc?si=jgsSVD5G6W7e9LPa
vid164,https://www.youtube.com/live/aQ9ThKwgAbQ?si=4Vo58LCYjxU8qYI2
vid165,https://www.youtube.com/live/GjgH2EGebhY?si=i8_x4Qiw90_Wd2Ba
vid166,https://www.youtube.com/live/2UK3H4pNsFI?si=1rvP7QMmnqfrJUbH
vid166,https://www.youtube.com/live/2UK3H4pNsFI?si=1rvP7QMmnqfrJUbH
vid168,https://www.youtube.com/live/DLCa0RiFHyI?si=AMgkUqontqaCsRLZ
vid169,https://www.youtube.com/live/GXGZj0KPiRk?si=7DAAc-XEZXsT1HAV
vid170,https://www.youtube.com/live/MviGGb63vNQ?si=BeXN0autjTyAfSxA
vid171,https://www.youtube.com/live/g8noEZ_vlYM?si=7aDhEiAKDaM0boJd
vid172,https://www.youtube.com/live/YyfxRRTr7zo?si=VLlNNkRflYJ16Ap2
vid173,https://www.youtube.com/live/v85ZPzd59GI?si=1inPLRXFMo0N7RMd
vid174,https://www.youtube.com/live/bNgMaMT5a-Y?si=Q5R-rG_W9f81q3Ku
vid175,https://www.youtube.com/live/SoRrIvUoSxA?si=BhGmFSsiH_w4892v
vid176,https://www.youtube.com/live/UqJ_dYG9X0k?si=To53ZDj71TRs0o1f
vid177,https://www.youtube.com/live/-w_wHBUVOe4?si=19rHV88-soNoKkzr
vid178,https://www.youtube.com/live/gu0u_PF51SA?si=mU_eWRKnYsbdkqcT
vid179,https://www.youtube.com/live/AyvsXtyGTsE?si=IiqfnjrH-l7gxW06
vid180,https://www.youtube.com/live/BeuJEPjf6Kk?si=rErQa3qh4EGtmo9B
vid181,https://www.youtube.com/live/jgwpp4ymEqo?si=hDEagNHjTlHUd2BK
vid182,https://www.youtube.com/live/-ObfuwCpRjc?si=NUnc06rCkeHIiGR9
vid183,https://www.youtube.com/live/-m_lyflOLAk?si=cxji5ovj6C2fYKW8
vid184,https://www.youtube.com/live/ULe63Sz2dUA?si=BM4_YFO3r6UhS_m9
vid185,https://www.youtube.com/live/6Y2eoq_zBUg?si=PGRDKxqh0qGFyHjA
vid186,https://www.youtube.com/live/n3b3NXfyV3o?si=NGcARbn_AbDNiNiP
vid187,https://www.youtube.com/live/QEP9U6zIh30?si=U1Fj0lPpEKXCGE6_
vid188,https://www.youtube.com/live/rQ8v_iyRs6Y?si=K_QZvef0mLvgmHU-
